X_1144260,X_1144260_1,defaultSecondary,100.0,B
X_62251,X_62251_1,defaultSecondary,100.0,C
X_62251,X_62251_2,defaultSecondary,100.0,C
X_62251,X_62251_3,defaultSecondary,100.0,C
X_6569,X_6569_1,defaultSecondary,100.0,B
X_6569,X_6569_2,defaultSecondary,100.0,B
X_6569,X_6569_3,defaultSecondary,100.0,B
X_62232,X_62232_1,defaultSecondary,100.0,C
X_62232,X_62232_2,defaultSecondary,100.0,C
X_94730,X_94730_1,defaultSecondary,100.0,B
X_94730,X_94730_2,defaultSecondary,100.0,B
X_94730,X_94730_3,defaultSecondary,100.0,B
X_39601,X_39601_1,defaultSecondary,100.0,A
X_39601,X_39601_2,defaultSecondary,100.0,A
X_63714,X_63714_1,defaultSecondary,100.0,B
X_63714,X_63714_2,defaultSecondary,100.0,B
X_843,X_843_1,defaultSecondary,100.0,A
X_856,X_856_1,defaultSecondary,100.0,C
X_56776,X_56776_1,defaultSecondary,100.0,B
X_63633,X_63633_1,defaultSecondary,100.0,B
X_63633,X_63633_2,defaultSecondary,100.0,B
X_63633,X_63633_3,defaultSecondary,100.0,B
X_56786,X_56786_1,defaultSecondary,100.0,A
X_56786,X_56786_2,defaultSecondary,100.0,A
X_39752,X_39752_1,defaultSecondary,100.0,B
X_39752,X_39752_2,defaultSecondary,100.0,B
X_69621,X_69621_1,defaultSecondary,100.0,B
X_69621,X_69621_2,defaultSecondary,100.0,B
X_69621,X_69621_3,defaultSecondary,100.0,B
X_69621,X_69621_4,defaultSecondary,100.0,B
X_89783,X_89783_1,defaultSecondary,100.0,C
X_89783,X_89783_2,defaultSecondary,100.0,C
X_89783,X_89783_3,defaultSecondary,100.0,C
X_792,X_792_1,defaultSecondary,100.0,B
X_792,X_792_2,defaultSecondary,100.0,B
X_8154,X_8154_1,defaultSecondary,100.0,C
X_8154,X_8154_2,defaultSecondary,100.0,C
X_69485,X_69485_1,defaultSecondary,100.0,B
X_69485,X_69485_2,defaultSecondary,100.0,B
X_69485,X_69485_3,defaultSecondary,100.0,B
X_8180,X_8180_1,defaultSecondary,100.0,C
X_8180,X_8180_2,defaultSecondary,100.0,C
X_8180,X_8180_3,defaultSecondary,100.0,C
X_39584,X_39584_1,defaultSecondary,100.0,B
X_39584,X_39584_2,defaultSecondary,100.0,B
X_89789,X_89789_1,defaultSecondary,100.0,C
X_787,X_787_1,defaultSecondary,100.0,B
X_787,X_787_2,defaultSecondary,100.0,B
X_787,X_787_3,defaultSecondary,100.0,B
X_787,X_787_4,defaultSecondary,100.0,B
X_787,X_787_5,defaultSecondary,100.0,B
X_62259,X_62259_1,defaultSecondary,100.0,C
X_62259,X_62259_2,defaultSecondary,100.0,C
X_89791,X_89791_1,defaultSecondary,100.0,C
X_89791,X_89791_2,defaultSecondary,100.0,C
X_89791,X_89791_3,defaultSecondary,100.0,C
X_62247,X_62247_1,defaultSecondary,100.0,C
X_6572,X_6572_1,defaultSecondary,100.0,B
X_1144231,X_1144231_1,defaultSecondary,100.0,A
X_790,X_790_1,defaultSecondary,100.0,A
X_790,X_790_2,defaultSecondary,100.0,A
X_63636,X_63636_1,defaultSecondary,100.0,B
X_63636,X_63636_2,defaultSecondary,100.0,B
X_63636,X_63636_3,defaultSecondary,100.0,B
X_14995,X_14995_1,defaultSecondary,100.0,B
X_14995,X_14995_2,defaultSecondary,100.0,B
X_14995,X_14995_3,defaultSecondary,100.0,B
X_39618,X_39618_1,defaultSecondary,100.0,B
X_39618,X_39618_2,defaultSecondary,100.0,B
X_39618,X_39618_3,defaultSecondary,100.0,B
X_14864,X_14864_1,defaultSecondary,100.0,A
X_8174,X_8174_1,defaultSecondary,100.0,A
X_8174,X_8174_2,defaultSecondary,100.0,A
X_63677,X_63677_1,defaultSecondary,100.0,A
X_28293,X_28293_1,defaultSecondary,100.0,C
X_28293,X_28293_2,defaultSecondary,100.0,C
X_8104,X_8104_1,defaultSecondary,100.0,C
X_28242,X_28242_1,defaultSecondary,100.0,A
X_28242,X_28242_2,defaultSecondary,100.0,A
X_28242,X_28242_3,defaultSecondary,100.0,A
X_8094,X_8094_1,defaultSecondary,100.0,C
X_8094,X_8094_2,defaultSecondary,100.0,C
X_1148537,X_1148537_1,defaultSecondary,100.0,C
X_14857,X_14857_1,defaultSecondary,100.0,B
X_14857,X_14857_2,defaultSecondary,100.0,B
X_46395,X_46395_1,defaultSecondary,100.0,C
X_1012407,X_1012407_1,defaultSecondary,100.0,C
X_69481,X_69481_1,defaultSecondary,100.0,B
X_69481,X_69481_2,defaultSecondary,100.0,B
X_69481,X_69481_3,defaultSecondary,100.0,B
X_112113,X_112113_1,defaultSecondary,100.0,A
X_112113,X_112113_2,defaultSecondary,100.0,A
X_69459,X_69459_1,defaultSecondary,100.0,A
X_28238,X_28238_1,defaultSecondary,100.0,A
X_28238,X_28238_2,defaultSecondary,100.0,A
X_28238,X_28238_3,defaultSecondary,100.0,A
X_14840,X_14840_1,defaultSecondary,100.0,C
X_14840,X_14840_2,defaultSecondary,100.0,C
X_14840,X_14840_3,defaultSecondary,100.0,C
X_14840,X_14840_4,defaultSecondary,100.0,C
X_14840,X_14840_5,defaultSecondary,100.0,C
X_14840,X_14840_6,defaultSecondary,100.0,C
X_28259,X_28259_1,defaultSecondary,100.0,C
X_28259,X_28259_2,defaultSecondary,100.0,C
X_28259,X_28259_3,defaultSecondary,100.0,C
X_63680,X_63680_1,defaultSecondary,100.0,C
X_63655,X_63655_1,defaultSecondary,100.0,B
X_63655,X_63655_2,defaultSecondary,100.0,B
X_1144240,X_1144240_1,defaultSecondary,100.0,A
X_39581,X_39581_1,defaultSecondary,100.0,A
X_39581,X_39581_2,defaultSecondary,100.0,A
X_837,X_837_1,defaultSecondary,100.0,B
X_837,X_837_2,defaultSecondary,100.0,B
X_837,X_837_3,defaultSecondary,100.0,B
X_28237,X_28237_1,defaultSecondary,100.0,C
X_28237,X_28237_2,defaultSecondary,100.0,C
X_39589,X_39589_1,defaultSecondary,100.0,A
X_39589,X_39589_2,defaultSecondary,100.0,A
X_74456,X_74456_1,defaultSecondary,100.0,C
X_62262,X_62262_1,defaultSecondary,100.0,B
X_39776,X_39776_1,defaultSecondary,100.0,C
X_39776,X_39776_2,defaultSecondary,100.0,C
X_1149720,X_1149720_1,defaultSecondary,100.0,B
X_1149720,X_1149720_2,defaultSecondary,100.0,B
X_8138,X_8138_1,defaultSecondary,100.0,A
X_8138,X_8138_2,defaultSecondary,100.0,A
X_8138,X_8138_3,defaultSecondary,100.0,A
X_21654,X_21654_1,defaultSecondary,100.0,A
X_21654,X_21654_2,defaultSecondary,100.0,A
X_28235,X_28235_1,defaultSecondary,100.0,C
X_28235,X_28235_2,defaultSecondary,100.0,C
X_28235,X_28235_3,defaultSecondary,100.0,C
X_28235,X_28235_4,defaultSecondary,100.0,C
X_28235,X_28235_5,defaultSecondary,100.0,C
X_28302,X_28302_1,defaultSecondary,100.0,C
X_811,X_811_1,defaultSecondary,100.0,B
X_811,X_811_2,defaultSecondary,100.0,B
X_811,X_811_3,defaultSecondary,100.0,B
X_107997,X_107997_1,defaultSecondary,100.0,A
X_107997,X_107997_2,defaultSecondary,100.0,A
X_107997,X_107997_3,defaultSecondary,100.0,A
X_8114,X_8114_1,defaultSecondary,100.0,C
X_8114,X_8114_2,defaultSecondary,100.0,C
X_28287,X_28287_1,defaultSecondary,100.0,A
X_39756,X_39756_1,defaultSecondary,100.0,B
X_39756,X_39756_2,defaultSecondary,100.0,B
X_56777,X_56777_1,defaultSecondary,100.0,B
X_74448,X_74448_1,defaultSecondary,100.0,B
X_74448,X_74448_2,defaultSecondary,100.0,B
X_74448,X_74448_3,defaultSecondary,100.0,B
X_1144266,X_1144266_1,defaultSecondary,100.0,B
X_1144266,X_1144266_2,defaultSecondary,100.0,B
X_1144266,X_1144266_3,defaultSecondary,100.0,B
X_28208,X_28208_1,defaultSecondary,100.0,A
X_28208,X_28208_1,defaultSecondary,100.0,B
X_28208,X_28208_1,defaultSecondary,100.0,C
X_14867,X_14867_1,defaultSecondary,100.0,C
X_14867,X_14867_2,defaultSecondary,100.0,C
X_8183,X_8183_1,defaultSecondary,100.0,A
X_8183,X_8183_2,defaultSecondary,100.0,A
X_8205,X_8205_1,defaultSecondary,100.0,B
X_8205,X_8205_2,defaultSecondary,100.0,B
X_8205,X_8205_3,defaultSecondary,100.0,B
X_1144234,X_1144234_1,defaultSecondary,100.0,A
X_56756,X_56756_1,defaultSecondary,100.0,B
X_56756,X_56756_2,defaultSecondary,100.0,B
X_63667,X_63667_1,defaultSecondary,100.0,C
X_63667,X_63667_2,defaultSecondary,100.0,C
X_63667,X_63667_3,defaultSecondary,100.0,C
X_63675,X_63675_1,defaultSecondary,100.0,A
X_63675,X_63675_2,defaultSecondary,100.0,A
X_63675,X_63675_3,defaultSecondary,100.0,A
X_63675,X_63675_4,defaultSecondary,100.0,A
X_28227,X_28227_1,defaultSecondary,100.0,C
X_28227,X_28227_2,defaultSecondary,100.0,C
X_28227,X_28227_3,defaultSecondary,100.0,C
X_46390,X_46390_1,defaultSecondary,100.0,B
X_46390,X_46390_2,defaultSecondary,100.0,B
X_46390,X_46390_3,defaultSecondary,100.0,B
X_46390,X_46390_4,defaultSecondary,100.0,B
X_28312,X_28312_1,defaultSecondary,100.0,C
X_56751,X_56751_1,defaultSecondary,100.0,A
X_63673,X_63673_1,defaultSecondary,100.0,C
X_63673,X_63673_2,defaultSecondary,100.0,C
X_63673,X_63673_3,defaultSecondary,100.0,C
X_63673,X_63673_4,defaultSecondary,100.0,C
X_14876,X_14876_1,defaultSecondary,100.0,C
X_14876,X_14876_2,defaultSecondary,100.0,C
X_14989,X_14989_1,defaultSecondary,100.0,B
X_809,X_809_1,defaultSecondary,100.0,B
X_809,X_809_2,defaultSecondary,100.0,B
X_809,X_809_3,defaultSecondary,100.0,B
X_39574,X_39574_1,defaultSecondary,100.0,A
X_8093,X_8093_1,defaultSecondary,100.0,C
X_8093,X_8093_2,defaultSecondary,100.0,C
X_94741,X_94741_1,defaultSecondary,100.0,B
X_94741,X_94741_2,defaultSecondary,100.0,B
X_94741,X_94741_3,defaultSecondary,100.0,B
X_52529,X_52529_1,defaultSecondary,100.0,C
X_52529,X_52529_2,defaultSecondary,100.0,C
X_821,X_821_1,defaultSecondary,100.0,B
X_39773,X_39773_1,defaultSecondary,100.0,C
X_8151,X_8151_1,defaultSecondary,100.0,A
X_63644,X_63644_1,defaultSecondary,100.0,B
X_63644,X_63644_2,defaultSecondary,100.0,B
X_63718,X_63718_1,defaultSecondary,100.0,A
X_63718,X_63718_2,defaultSecondary,100.0,A
X_63718,X_63718_3,defaultSecondary,100.0,A
X_63718,X_63718_4,defaultSecondary,100.0,A
X_52520,X_52520_1,defaultSecondary,100.0,B
X_52520,X_52520_2,defaultSecondary,100.0,B
X_52520,X_52520_3,defaultSecondary,100.0,B
X_8125,X_8125_1,defaultSecondary,100.0,C
X_8125,X_8125_2,defaultSecondary,100.0,C
X_8125,X_8125_3,defaultSecondary,100.0,C
X_8125,X_8125_4,defaultSecondary,100.0,C
X_803,X_803_1,defaultSecondary,100.0,B
X_803,X_803_2,defaultSecondary,100.0,B
X_62265,X_62265_1,defaultSecondary,100.0,B
X_62265,X_62265_2,defaultSecondary,100.0,B
X_74436,X_74436_1,defaultSecondary,100.0,C
X_74436,X_74436_2,defaultSecondary,100.0,C
X_74436,X_74436_3,defaultSecondary,100.0,C
X_8095,X_8095_1,defaultSecondary,100.0,C
X_8095,X_8095_2,defaultSecondary,100.0,C
X_8095,X_8095_3,defaultSecondary,100.0,C
X_56768,X_56768_1,defaultSecondary,100.0,A
X_39753,X_39753_1,defaultSecondary,100.0,B
X_39753,X_39753_2,defaultSecondary,100.0,B
X_39753,X_39753_3,defaultSecondary,100.0,B
X_69622,X_69622_1,defaultSecondary,100.0,B
X_69622,X_69622_2,defaultSecondary,100.0,B
X_62306,X_62306_1,defaultSecondary,100.0,C
X_62306,X_62306_2,defaultSecondary,100.0,C
X_62306,X_62306_3,defaultSecondary,100.0,C
X_62306,X_62306_4,defaultSecondary,100.0,C
X_832,X_832_1,defaultSecondary,100.0,A
X_832,X_832_2,defaultSecondary,100.0,A
X_832,X_832_3,defaultSecondary,100.0,A
X_58446,X_58446_1,defaultSecondary,100.0,B
X_58446,X_58446_1,defaultSecondary,100.0,C
X_1012415,X_1012415_1,defaultSecondary,100.0,C
X_8075,X_8075_1,defaultSecondary,100.0,A
X_8075,X_8075_2,defaultSecondary,100.0,A
X_8075,X_8075_3,defaultSecondary,100.0,A
X_8190,X_8190_1,defaultSecondary,100.0,C
X_8190,X_8190_2,defaultSecondary,100.0,C
X_8190,X_8190_3,defaultSecondary,100.0,C
X_39578,X_39578_1,defaultSecondary,100.0,B
X_39578,X_39578_2,defaultSecondary,100.0,B
X_39578,X_39578_3,defaultSecondary,100.0,B
X_89784,X_89784_1,defaultSecondary,100.0,C
X_89784,X_89784_2,defaultSecondary,100.0,C
X_784,X_784_1,defaultSecondary,100.0,A
X_784,X_784_2,defaultSecondary,100.0,A
X_63658,X_63658_1,defaultSecondary,100.0,B
X_14871,X_14871_1,defaultSecondary,100.0,C
X_14871,X_14871_2,defaultSecondary,100.0,C
X_39592,X_39592_1,defaultSecondary,100.0,A
X_39572,X_39572_1,defaultSecondary,100.0,A
X_69491,X_69491_1,defaultSecondary,100.0,B
X_69491,X_69491_2,defaultSecondary,100.0,B
X_69491,X_69491_3,defaultSecondary,100.0,B
X_1008222,X_1008222_1,defaultSecondary,100.0,C
X_1008222,X_1008222_2,defaultSecondary,100.0,C
X_1008222,X_1008222_3,defaultSecondary,100.0,C
X_1008222,X_1008222_4,defaultSecondary,100.0,C
X_62235,X_62235_1,defaultSecondary,100.0,C
X_62235,X_62235_2,defaultSecondary,100.0,C
X_62235,X_62235_3,defaultSecondary,100.0,C
X_8136,X_8136_1,defaultSecondary,100.0,A
X_8136,X_8136_2,defaultSecondary,100.0,A
X_8136,X_8136_3,defaultSecondary,100.0,A
X_8136,X_8136_4,defaultSecondary,100.0,A
X_21652,X_21652_1,defaultSecondary,100.0,A
X_21652,X_21652_2,defaultSecondary,100.0,A
X_21652,X_21652_3,defaultSecondary,100.0,A
X_14993,X_14993_1,defaultSecondary,100.0,B
X_14993,X_14993_2,defaultSecondary,100.0,B
X_39619,X_39619_1,defaultSecondary,100.0,B
X_39619,X_39619_2,defaultSecondary,100.0,B
X_8086,X_8086_1,defaultSecondary,100.0,C
X_14835,X_14835_1,defaultSecondary,100.0,C
X_14835,X_14835_2,defaultSecondary,100.0,C
X_8099,X_8099_1,defaultSecondary,100.0,C
X_8099,X_8099_2,defaultSecondary,100.0,C
X_1145434,X_1145434_1,defaultSecondary,100.0,C
X_74451,X_74451_1,defaultSecondary,100.0,B
X_74451,X_74451_2,defaultSecondary,100.0,B
X_74451,X_74451_3,defaultSecondary,100.0,B
X_74451,X_74451_4,defaultSecondary,100.0,B
X_62301,X_62301_1,defaultSecondary,100.0,B
X_62301,X_62301_2,defaultSecondary,100.0,B
X_14879,X_14879_1,defaultSecondary,100.0,A
X_14879,X_14879_2,defaultSecondary,100.0,A
X_28243,X_28243_1,defaultSecondary,100.0,A
X_28243,X_28243_2,defaultSecondary,100.0,A
X_28243,X_28243_3,defaultSecondary,100.0,A
X_8118,X_8118_1,defaultSecondary,100.0,A
X_8118,X_8118_2,defaultSecondary,100.0,A
X_1144238,X_1144238_1,defaultSecondary,100.0,A
X_62250,X_62250_1,defaultSecondary,100.0,B
X_62250,X_62250_2,defaultSecondary,100.0,B
X_62250,X_62250_3,defaultSecondary,100.0,B
X_62250,X_62250_4,defaultSecondary,100.0,B
X_46385,X_46385_1,defaultSecondary,100.0,B
X_46385,X_46385_2,defaultSecondary,100.0,B
X_46385,X_46385_3,defaultSecondary,100.0,B
X_46401,X_46401_1,defaultSecondary,100.0,C
X_46401,X_46401_2,defaultSecondary,100.0,C
X_28234,X_28234_1,defaultSecondary,100.0,A
X_28234,X_28234_2,defaultSecondary,100.0,A
X_28234,X_28234_3,defaultSecondary,100.0,A
X_28260,X_28260_1,defaultSecondary,100.0,C
X_28260,X_28260_2,defaultSecondary,100.0,C
X_8090,X_8090_1,defaultSecondary,100.0,C
X_8090,X_8090_2,defaultSecondary,100.0,C
X_8077,X_8077_1,defaultSecondary,100.0,A
X_8077,X_8077_2,defaultSecondary,100.0,A
X_39758,X_39758_1,defaultSecondary,100.0,B
X_39758,X_39758_2,defaultSecondary,100.0,B
X_1012644,X_1012644_1,defaultSecondary,100.0,C
X_69478,X_69478_1,defaultSecondary,100.0,B
X_69478,X_69478_2,defaultSecondary,100.0,B
X_39733,X_39733_1,defaultSecondary,100.0,A
X_39733,X_39733_2,defaultSecondary,100.0,A
X_39733,X_39733_3,defaultSecondary,100.0,A
X_39733,X_39733_4,defaultSecondary,100.0,A
X_44579,X_44579_1,defaultSecondary,100.0,C
X_39625,X_39625_1,defaultSecondary,100.0,B
X_39625,X_39625_2,defaultSecondary,100.0,B
X_39625,X_39625_3,defaultSecondary,100.0,B
X_39625,X_39625_4,defaultSecondary,100.0,B
X_8119,X_8119_1,defaultSecondary,100.0,A
X_8119,X_8119_2,defaultSecondary,100.0,A
X_8103,X_8103_1,defaultSecondary,100.0,C
X_69464,X_69464_1,defaultSecondary,100.0,A
X_8163,X_8163_1,defaultSecondary,100.0,C
X_8163,X_8163_2,defaultSecondary,100.0,C
X_8163,X_8163_3,defaultSecondary,100.0,C
X_52516,X_52516_1,defaultSecondary,100.0,B
X_52516,X_52516_2,defaultSecondary,100.0,B
X_52516,X_52516_3,defaultSecondary,100.0,B
X_28239,X_28239_1,defaultSecondary,100.0,C
X_860,X_860_1,defaultSecondary,100.0,C
X_860,X_860_2,defaultSecondary,100.0,C
X_62244,X_62244_1,defaultSecondary,100.0,C
X_62244,X_62244_2,defaultSecondary,100.0,C
X_28294,X_28294_1,defaultSecondary,100.0,C
X_28294,X_28294_2,defaultSecondary,100.0,C
X_28294,X_28294_3,defaultSecondary,100.0,C
X_14843,X_14843_1,defaultSecondary,100.0,A
X_74421,X_74421_1,defaultSecondary,100.0,A
X_74421,X_74421_2,defaultSecondary,100.0,A
X_74421,X_74421_3,defaultSecondary,100.0,A
X_74421,X_74421_4,defaultSecondary,100.0,A
X_39614,X_39614_1,defaultSecondary,100.0,A
X_39751,X_39751_1,defaultSecondary,100.0,A
X_39751,X_39751_2,defaultSecondary,100.0,A
X_39751,X_39751_3,defaultSecondary,100.0,A
X_39751,X_39751_4,defaultSecondary,100.0,A
X_8082,X_8082_1,defaultSecondary,100.0,A
X_8082,X_8082_2,defaultSecondary,100.0,A
X_8082,X_8082_3,defaultSecondary,100.0,A
X_8082,X_8082_4,defaultSecondary,100.0,A
X_8082,X_8082_5,defaultSecondary,100.0,A
X_825,X_825_1,defaultSecondary,100.0,B
X_825,X_825_2,defaultSecondary,100.0,B
X_825,X_825_3,defaultSecondary,100.0,B
X_14868,X_14868_1,defaultSecondary,100.0,C
X_855,X_855_1,defaultSecondary,100.0,C
X_855,X_855_2,defaultSecondary,100.0,C
X_855,X_855_3,defaultSecondary,100.0,C
X_855,X_855_4,defaultSecondary,100.0,C
X_62233,X_62233_1,defaultSecondary,100.0,C
X_62233,X_62233_2,defaultSecondary,100.0,C
X_62233,X_62233_3,defaultSecondary,100.0,C
X_1144257,X_1144257_1,defaultSecondary,100.0,C
X_94744,X_94744_1,defaultSecondary,100.0,A
X_6594,X_6594_1,defaultSecondary,100.0,B
X_6594,X_6594_2,defaultSecondary,100.0,B
X_6594,X_6594_3,defaultSecondary,100.0,B
X_15009,X_15009_1,defaultSecondary,100.0,B
X_28222,X_28222_1,defaultSecondary,100.0,C
X_28222,X_28222_2,defaultSecondary,100.0,C
X_63681,X_63681_1,defaultSecondary,100.0,A
X_63681,X_63681_2,defaultSecondary,100.0,A
X_63681,X_63681_3,defaultSecondary,100.0,A
X_6574,X_6574_1,defaultSecondary,100.0,B
X_8101,X_8101_1,defaultSecondary,100.0,A
X_8101,X_8101_2,defaultSecondary,100.0,A
X_8101,X_8101_3,defaultSecondary,100.0,A
X_807,X_807_1,defaultSecondary,100.0,B
X_807,X_807_2,defaultSecondary,100.0,B
X_807,X_807_3,defaultSecondary,100.0,B
X_74443,X_74443_1,defaultSecondary,100.0,A
X_74443,X_74443_2,defaultSecondary,100.0,A
X_74443,X_74443_3,defaultSecondary,100.0,A
X_28288,X_28288_1,defaultSecondary,100.0,B
X_28288,X_28288_2,defaultSecondary,100.0,B
X_28288,X_28288_3,defaultSecondary,100.0,B
X_28288,X_28288_4,defaultSecondary,100.0,B
X_839,X_839_1,defaultSecondary,100.0,C
X_14872,X_14872_1,defaultSecondary,100.0,C
X_14872,X_14872_2,defaultSecondary,100.0,C
X_62264,X_62264_1,defaultSecondary,100.0,B
X_62264,X_62264_2,defaultSecondary,100.0,B
X_62307,X_62307_1,defaultSecondary,100.0,B
X_21653,X_21653_1,defaultSecondary,100.0,A
X_39599,X_39599_1,defaultSecondary,100.0,B
X_39599,X_39599_2,defaultSecondary,100.0,B
X_8147,X_8147_1,defaultSecondary,100.0,A
X_8147,X_8147_2,defaultSecondary,100.0,A
X_8147,X_8147_3,defaultSecondary,100.0,A
X_94733,X_94733_1,defaultSecondary,100.0,B
X_94733,X_94733_2,defaultSecondary,100.0,B
X_94733,X_94733_3,defaultSecondary,100.0,B
X_94733,X_94733_4,defaultSecondary,100.0,B
X_94733,X_94733_5,defaultSecondary,100.0,B
X_63676,X_63676_1,defaultSecondary,100.0,A
X_8132,X_8132_1,defaultSecondary,100.0,A
X_63717,X_63717_1,defaultSecondary,100.0,C
X_816,X_816_1,defaultSecondary,100.0,B
X_8072,X_8072_1,defaultSecondary,100.0,B
X_63715,X_63715_1,defaultSecondary,100.0,A
X_63715,X_63715_2,defaultSecondary,100.0,A
X_63715,X_63715_3,defaultSecondary,100.0,A
X_52519,X_52519_1,defaultSecondary,100.0,B
X_52519,X_52519_2,defaultSecondary,100.0,B
X_52519,X_52519_3,defaultSecondary,100.0,B
X_52524,X_52524_1,defaultSecondary,100.0,A
X_52524,X_52524_2,defaultSecondary,100.0,A
X_63665,X_63665_1,defaultSecondary,100.0,A
X_63665,X_63665_2,defaultSecondary,100.0,A
X_797,X_797_1,defaultSecondary,100.0,B
X_797,X_797_2,defaultSecondary,100.0,B
X_1012408,X_1012408_1,defaultSecondary,100.0,C
X_88656,X_88656_1,defaultSecondary,100.0,C
X_88656,X_88656_2,defaultSecondary,100.0,C
X_69624,X_69624_1,defaultSecondary,100.0,B
X_62303,X_62303_1,defaultSecondary,100.0,C
X_62303,X_62303_2,defaultSecondary,100.0,C
X_62303,X_62303_3,defaultSecondary,100.0,C
X_826,X_826_1,defaultSecondary,100.0,B
X_826,X_826_2,defaultSecondary,100.0,B
X_62296,X_62296_1,defaultSecondary,100.0,B
X_8144,X_8144_1,defaultSecondary,100.0,A
X_8144,X_8144_2,defaultSecondary,100.0,A
X_8144,X_8144_3,defaultSecondary,100.0,A
X_8144,X_8144_4,defaultSecondary,100.0,A
X_69628,X_69628_1,defaultSecondary,100.0,A
X_69628,X_69628_2,defaultSecondary,100.0,A
X_69628,X_69628_3,defaultSecondary,100.0,A
X_46386,X_46386_1,defaultSecondary,100.0,B
X_46386,X_46386_2,defaultSecondary,100.0,B
X_799,X_799_1,defaultSecondary,100.0,B
X_799,X_799_2,defaultSecondary,100.0,B
X_74437,X_74437_1,defaultSecondary,100.0,C
X_74437,X_74437_2,defaultSecondary,100.0,C
X_74437,X_74437_3,defaultSecondary,100.0,C
X_74437,X_74437_4,defaultSecondary,100.0,C
X_39579,X_39579_1,defaultSecondary,100.0,B
X_39579,X_39579_2,defaultSecondary,100.0,B
X_39579,X_39579_3,defaultSecondary,100.0,B
X_39579,X_39579_4,defaultSecondary,100.0,B
X_89781,X_89781_1,defaultSecondary,100.0,C
X_89781,X_89781_2,defaultSecondary,100.0,C
X_89824,X_89824_1,defaultSecondary,100.0,A
X_89824,X_89824_2,defaultSecondary,100.0,A
X_89824,X_89824_3,defaultSecondary,100.0,A
X_8165,X_8165_1,defaultSecondary,100.0,C
X_8165,X_8165_2,defaultSecondary,100.0,C
X_28270,X_28270_1,defaultSecondary,100.0,C
X_28270,X_28270_2,defaultSecondary,100.0,C
X_8198,X_8198_1,defaultSecondary,100.0,B
X_8198,X_8198_2,defaultSecondary,100.0,B
X_829,X_829_1,defaultSecondary,100.0,B
X_829,X_829_2,defaultSecondary,100.0,B
X_829,X_829_3,defaultSecondary,100.0,B
X_39754,X_39754_1,defaultSecondary,100.0,B
X_39754,X_39754_2,defaultSecondary,100.0,B
X_39754,X_39754_3,defaultSecondary,100.0,B
X_44577,X_44577_1,defaultSecondary,100.0,C
X_44577,X_44577_2,defaultSecondary,100.0,C
X_39620,X_39620_1,defaultSecondary,100.0,B
X_39620,X_39620_2,defaultSecondary,100.0,B
X_39620,X_39620_3,defaultSecondary,100.0,B
X_39620,X_39620_4,defaultSecondary,100.0,B
X_62311,X_62311_1,defaultSecondary,100.0,C
X_62311,X_62311_2,defaultSecondary,100.0,C
X_62311,X_62311_3,defaultSecondary,100.0,C
X_62311,X_62311_4,defaultSecondary,100.0,C
X_63643,X_63643_1,defaultSecondary,100.0,B
X_63643,X_63643_2,defaultSecondary,100.0,B
X_21655,X_21655_1,defaultSecondary,100.0,A
X_21655,X_21655_2,defaultSecondary,100.0,A
X_74420,X_74420_1,defaultSecondary,100.0,B
X_63661,X_63661_1,defaultSecondary,100.0,B
X_63661,X_63661_2,defaultSecondary,100.0,B
X_63661,X_63661_3,defaultSecondary,100.0,B
X_63661,X_63661_4,defaultSecondary,100.0,B
X_46398,X_46398_1,defaultSecondary,100.0,C
X_46398,X_46398_2,defaultSecondary,100.0,C
X_14992,X_14992_1,defaultSecondary,100.0,B
X_14992,X_14992_2,defaultSecondary,100.0,B
X_62236,X_62236_1,defaultSecondary,100.0,C
X_62236,X_62236_2,defaultSecondary,100.0,C
X_62236,X_62236_3,defaultSecondary,100.0,C
X_44580,X_44580_1,defaultSecondary,100.0,B
X_8193,X_8193_1,defaultSecondary,100.0,A
X_14880,X_14880_1,defaultSecondary,100.0,A
X_8121,X_8121_1,defaultSecondary,100.0,C
X_8121,X_8121_2,defaultSecondary,100.0,C
X_8121,X_8121_3,defaultSecondary,100.0,C
X_8121,X_8121_4,defaultSecondary,100.0,C
X_8159,X_8159_1,defaultSecondary,100.0,A
X_14830,X_14830_1,defaultSecondary,100.0,C
X_14830,X_14830_2,defaultSecondary,100.0,C
X_1023345,X_1023345_1,defaultSecondary,100.0,A
X_28267,X_28267_1,defaultSecondary,100.0,C
X_28230,X_28230_1,defaultSecondary,100.0,A
X_28230,X_28230_2,defaultSecondary,100.0,A
X_28230,X_28230_3,defaultSecondary,100.0,A
X_28230,X_28230_4,defaultSecondary,100.0,A
X_793,X_793_1,defaultSecondary,100.0,B
X_793,X_793_2,defaultSecondary,100.0,B
X_793,X_793_3,defaultSecondary,100.0,B
X_39598,X_39598_1,defaultSecondary,100.0,A
X_39598,X_39598_2,defaultSecondary,100.0,A
X_14829,X_14829_1,defaultSecondary,100.0,B
X_14829,X_14829_2,defaultSecondary,100.0,B
X_14829,X_14829_3,defaultSecondary,100.0,B
X_63719,X_63719_1,defaultSecondary,100.0,C
X_63719,X_63719_2,defaultSecondary,100.0,C
X_63719,X_63719_3,defaultSecondary,100.0,C
X_63719,X_63719_4,defaultSecondary,100.0,C
X_63719,X_63719_5,defaultSecondary,100.0,C
X_46388,X_46388_1,defaultSecondary,100.0,B
X_46388,X_46388_2,defaultSecondary,100.0,B
X_46388,X_46388_3,defaultSecondary,100.0,B
X_46388,X_46388_4,defaultSecondary,100.0,B
X_785,X_785_1,defaultSecondary,100.0,A
X_39624,X_39624_1,defaultSecondary,100.0,B
X_39624,X_39624_2,defaultSecondary,100.0,B
X_39624,X_39624_3,defaultSecondary,100.0,B
X_39624,X_39624_4,defaultSecondary,100.0,B
X_28251,X_28251_1,defaultSecondary,100.0,A
X_28251,X_28251_2,defaultSecondary,100.0,A
X_94729,X_94729_1,defaultSecondary,100.0,C
X_63708,X_63708_1,defaultSecondary,100.0,C
X_857,X_857_1,defaultSecondary,100.0,C
X_857,X_857_2,defaultSecondary,100.0,C
X_857,X_857_3,defaultSecondary,100.0,C
X_857,X_857_4,defaultSecondary,100.0,C
X_69490,X_69490_1,defaultSecondary,100.0,B
X_63637,X_63637_1,defaultSecondary,100.0,B
X_63637,X_63637_2,defaultSecondary,100.0,B
X_63637,X_63637_3,defaultSecondary,100.0,B
X_94726,X_94726_1,defaultSecondary,100.0,B
X_94726,X_94726_2,defaultSecondary,100.0,B
X_94726,X_94726_3,defaultSecondary,100.0,B
X_94726,X_94726_4,defaultSecondary,100.0,B
X_8117,X_8117_1,defaultSecondary,100.0,A
X_8117,X_8117_2,defaultSecondary,100.0,A
X_28277,X_28277_1,defaultSecondary,100.0,C
X_8152,X_8152_1,defaultSecondary,100.0,A
X_8152,X_8152_2,defaultSecondary,100.0,A
X_8152,X_8152_3,defaultSecondary,100.0,A
X_46389,X_46389_1,defaultSecondary,100.0,B
X_46389,X_46389_2,defaultSecondary,100.0,B
X_46389,X_46389_3,defaultSecondary,100.0,B
X_46389,X_46389_4,defaultSecondary,100.0,B
X_1010734,X_1010734_1,defaultSecondary,100.0,B
X_1010734,X_1010734_2,defaultSecondary,100.0,B
X_1010734,X_1010734_3,defaultSecondary,100.0,B
X_39734,X_39734_1,defaultSecondary,100.0,A
X_39734,X_39734_2,defaultSecondary,100.0,A
X_39734,X_39734_3,defaultSecondary,100.0,A
X_39734,X_39734_4,defaultSecondary,100.0,A
X_8133,X_8133_1,defaultSecondary,100.0,A
X_46404,X_46404_1,defaultSecondary,100.0,C
X_46404,X_46404_2,defaultSecondary,100.0,C
X_21651,X_21651_1,defaultSecondary,100.0,A
X_21651,X_21651_2,defaultSecondary,100.0,A
X_8096,X_8096_1,defaultSecondary,100.0,B
X_8096,X_8096_2,defaultSecondary,100.0,B
X_8096,X_8096_3,defaultSecondary,100.0,B
X_8096,X_8096_4,defaultSecondary,100.0,B
X_8096,X_8096_5,defaultSecondary,100.0,B
X_14846,X_14846_1,defaultSecondary,100.0,C
X_52531,X_52531_1,defaultSecondary,100.0,C
X_52531,X_52531_2,defaultSecondary,100.0,C
X_52531,X_52531_3,defaultSecondary,100.0,C
X_8123,X_8123_1,defaultSecondary,100.0,C
X_8123,X_8123_2,defaultSecondary,100.0,C
X_8130,X_8130_1,defaultSecondary,100.0,A
X_8130,X_8130_2,defaultSecondary,100.0,A
X_93587,X_93587_1,defaultSecondary,100.0,C
X_74440,X_74440_1,defaultSecondary,100.0,C
X_74440,X_74440_2,defaultSecondary,100.0,C
X_74440,X_74440_3,defaultSecondary,100.0,C
X_28279,X_28279_1,defaultSecondary,100.0,A
X_28279,X_28279_2,defaultSecondary,100.0,A
X_28279,X_28279_3,defaultSecondary,100.0,A
X_8097,X_8097_1,defaultSecondary,100.0,A
X_8097,X_8097_2,defaultSecondary,100.0,A
X_1008228,X_1008228_1,defaultSecondary,100.0,B
X_63669,X_63669_1,defaultSecondary,100.0,C
X_63669,X_63669_2,defaultSecondary,100.0,C
X_63669,X_63669_3,defaultSecondary,100.0,C
X_28246,X_28246_1,defaultSecondary,100.0,B
X_28223,X_28223_1,defaultSecondary,100.0,C
X_28223,X_28223_2,defaultSecondary,100.0,C
X_28223,X_28223_3,defaultSecondary,100.0,C
X_28223,X_28223_4,defaultSecondary,100.0,C
X_28223,X_28223_5,defaultSecondary,100.0,C
X_8087,X_8087_1,defaultSecondary,100.0,C
X_8087,X_8087_2,defaultSecondary,100.0,C
X_8087,X_8087_3,defaultSecondary,100.0,C
X_63634,X_63634_1,defaultSecondary,100.0,B
X_63634,X_63634_2,defaultSecondary,100.0,B
X_63634,X_63634_3,defaultSecondary,100.0,B
X_63634,X_63634_4,defaultSecondary,100.0,B
X_63634,X_63634_5,defaultSecondary,100.0,B
X_15008,X_15008_1,defaultSecondary,100.0,B
X_15008,X_15008_2,defaultSecondary,100.0,B
X_15008,X_15008_3,defaultSecondary,100.0,B
X_89797,X_89797_1,defaultSecondary,100.0,C
X_74424,X_74424_1,defaultSecondary,100.0,A
X_74424,X_74424_2,defaultSecondary,100.0,A
X_74424,X_74424_3,defaultSecondary,100.0,A
X_74424,X_74424_4,defaultSecondary,100.0,A
X_56750,X_56750_1,defaultSecondary,100.0,A
X_56750,X_56750_2,defaultSecondary,100.0,A
X_56750,X_56750_3,defaultSecondary,100.0,A
X_56750,X_56750_4,defaultSecondary,100.0,A
X_69477,X_69477_1,defaultSecondary,100.0,B
X_833,X_833_1,defaultSecondary,100.0,C
X_833,X_833_2,defaultSecondary,100.0,C
X_833,X_833_3,defaultSecondary,100.0,C
X_14849,X_14849_1,defaultSecondary,100.0,C
X_14849,X_14849_2,defaultSecondary,100.0,C
X_14849,X_14849_3,defaultSecondary,100.0,C
X_14849,X_14849_4,defaultSecondary,100.0,C
X_62295,X_62295_1,defaultSecondary,100.0,B
X_8076,X_8076_1,defaultSecondary,100.0,A
X_8076,X_8076_2,defaultSecondary,100.0,A
X_8076,X_8076_3,defaultSecondary,100.0,A
X_39757,X_39757_1,defaultSecondary,100.0,B
X_39757,X_39757_2,defaultSecondary,100.0,B
X_39757,X_39757_3,defaultSecondary,100.0,B
X_56784,X_56784_1,defaultSecondary,100.0,A
X_56784,X_56784_2,defaultSecondary,100.0,A
X_94734,X_94734_1,defaultSecondary,100.0,B
X_94734,X_94734_2,defaultSecondary,100.0,B
X_63678,X_63678_1,defaultSecondary,100.0,A
X_63678,X_63678_2,defaultSecondary,100.0,A
X_63678,X_63678_3,defaultSecondary,100.0,A
X_63678,X_63678_4,defaultSecondary,100.0,A
X_801,X_801_1,defaultSecondary,100.0,A
X_801,X_801_2,defaultSecondary,100.0,A
X_1017351,X_1017351_1,defaultSecondary,100.0,C
X_8092,X_8092_1,defaultSecondary,100.0,A
X_8092,X_8092_2,defaultSecondary,100.0,A
X_74452,X_74452_1,defaultSecondary,100.0,C
X_74452,X_74452_2,defaultSecondary,100.0,C
X_1010739,X_1010739_1,defaultSecondary,100.0,A
X_74449,X_74449_1,defaultSecondary,100.0,C
X_74449,X_74449_2,defaultSecondary,100.0,C
X_74449,X_74449_3,defaultSecondary,100.0,C
X_8089,X_8089_1,defaultSecondary,100.0,A
X_8089,X_8089_2,defaultSecondary,100.0,A
X_8089,X_8089_3,defaultSecondary,100.0,A
X_63713,X_63713_1,defaultSecondary,100.0,A
X_63713,X_63713_2,defaultSecondary,100.0,A
X_63713,X_63713_3,defaultSecondary,100.0,A
X_63713,X_63713_4,defaultSecondary,100.0,A
X_39588,X_39588_1,defaultSecondary,100.0,B
X_39588,X_39588_2,defaultSecondary,100.0,B
X_39588,X_39588_3,defaultSecondary,100.0,B
X_52532,X_52532_1,defaultSecondary,100.0,C
X_52532,X_52532_2,defaultSecondary,100.0,C
X_8178,X_8178_1,defaultSecondary,100.0,A
X_8178,X_8178_2,defaultSecondary,100.0,A
X_8115,X_8115_1,defaultSecondary,100.0,C
X_8115,X_8115_2,defaultSecondary,100.0,C
X_58441,X_58441_1,defaultSecondary,100.0,B
X_58421,X_58421_1,defaultSecondary,100.0,B
X_8116,X_8116_1,defaultSecondary,100.0,C
X_8116,X_8116_2,defaultSecondary,100.0,C
X_8116,X_8116_3,defaultSecondary,100.0,C
X_8116,X_8116_4,defaultSecondary,100.0,C
X_88661,X_88661_1,defaultSecondary,100.0,B
X_88661,X_88661_2,defaultSecondary,100.0,B
X_88661,X_88661_3,defaultSecondary,100.0,B
X_88661,X_88661_4,defaultSecondary,100.0,B
X_39761,X_39761_1,defaultSecondary,100.0,B
X_39761,X_39761_2,defaultSecondary,100.0,B
X_39761,X_39761_3,defaultSecondary,100.0,B
X_39761,X_39761_4,defaultSecondary,100.0,B
X_69620,X_69620_1,defaultSecondary,100.0,B
X_69620,X_69620_2,defaultSecondary,100.0,B
X_62304,X_62304_1,defaultSecondary,100.0,C
X_62304,X_62304_2,defaultSecondary,100.0,C
X_62304,X_62304_3,defaultSecondary,100.0,C
X_28299,X_28299_1,defaultSecondary,100.0,C
X_813,X_813_1,defaultSecondary,100.0,B
X_813,X_813_2,defaultSecondary,100.0,B
X_813,X_813_3,defaultSecondary,100.0,B
X_8195,X_8195_1,defaultSecondary,100.0,B
X_8195,X_8195_2,defaultSecondary,100.0,B
X_8207,X_8207_1,defaultSecondary,100.0,B
X_8189,X_8189_1,defaultSecondary,100.0,C
X_8189,X_8189_2,defaultSecondary,100.0,C
X_8189,X_8189_3,defaultSecondary,100.0,C
X_52518,X_52518_1,defaultSecondary,100.0,B
X_52518,X_52518_2,defaultSecondary,100.0,B
X_52518,X_52518_3,defaultSecondary,100.0,B
X_62308,X_62308_1,defaultSecondary,100.0,C
X_62308,X_62308_2,defaultSecondary,100.0,C
X_62308,X_62308_3,defaultSecondary,100.0,C
X_62308,X_62308_4,defaultSecondary,100.0,C
X_62308,X_62308_5,defaultSecondary,100.0,C
X_63704,X_63704_1,defaultSecondary,100.0,C
X_67893,X_67893_1,defaultSecondary,100.0,C
X_8179,X_8179_1,defaultSecondary,100.0,C
X_8179,X_8179_2,defaultSecondary,100.0,C
X_39617,X_39617_1,defaultSecondary,100.0,B
X_39617,X_39617_2,defaultSecondary,100.0,B
X_62312,X_62312_1,defaultSecondary,100.0,C
X_62312,X_62312_2,defaultSecondary,100.0,C
X_62312,X_62312_3,defaultSecondary,100.0,C
X_858,X_858_1,defaultSecondary,100.0,C
X_858,X_858_2,defaultSecondary,100.0,C
X_14994,X_14994_1,defaultSecondary,100.0,B
X_63640,X_63640_1,defaultSecondary,100.0,B
X_63640,X_63640_2,defaultSecondary,100.0,B
X_63640,X_63640_3,defaultSecondary,100.0,B
X_1023341,X_1023341_1,defaultSecondary,100.0,B
X_1023341,X_1023341_2,defaultSecondary,100.0,B
X_51012,X_51012_1,defaultSecondary,100.0,B
X_14991,X_14991_1,defaultSecondary,100.0,B
X_14991,X_14991_2,defaultSecondary,100.0,B
X_14991,X_14991_3,defaultSecondary,100.0,B
X_14991,X_14991_4,defaultSecondary,100.0,B
X_14873,X_14873_1,defaultSecondary,100.0,A
X_14873,X_14873_2,defaultSecondary,100.0,A
X_14873,X_14873_3,defaultSecondary,100.0,A
X_14832,X_14832_1,defaultSecondary,100.0,A
X_62261,X_62261_1,defaultSecondary,100.0,A
X_62261,X_62261_2,defaultSecondary,100.0,A
X_6571,X_6571_1,defaultSecondary,100.0,B
X_6571,X_6571_2,defaultSecondary,100.0,B
X_6571,X_6571_3,defaultSecondary,100.0,B
X_14878,X_14878_1,defaultSecondary,100.0,A
X_14878,X_14878_2,defaultSecondary,100.0,A
X_14878,X_14878_3,defaultSecondary,100.0,A
X_14878,X_14878_4,defaultSecondary,100.0,A
X_38388,X_38388_1,defaultSecondary,100.0,B
X_38388,X_38388_2,defaultSecondary,100.0,B
X_38388,X_38388_3,defaultSecondary,100.0,B
X_44582,X_44582_1,defaultSecondary,100.0,B
X_44582,X_44582_2,defaultSecondary,100.0,B
X_46387,X_46387_1,defaultSecondary,100.0,B
X_46387,X_46387_2,defaultSecondary,100.0,B
X_8204,X_8204_1,defaultSecondary,100.0,B
X_28283,X_28283_1,defaultSecondary,100.0,A
X_28283,X_28283_2,defaultSecondary,100.0,A
X_28231,X_28231_1,defaultSecondary,100.0,A
X_28231,X_28231_2,defaultSecondary,100.0,A
X_28286,X_28286_1,defaultSecondary,100.0,C
X_28286,X_28286_2,defaultSecondary,100.0,C
X_14990,X_14990_1,defaultSecondary,100.0,B
X_14990,X_14990_2,defaultSecondary,100.0,B
X_8146,X_8146_1,defaultSecondary,100.0,A
X_8146,X_8146_2,defaultSecondary,100.0,A
X_8146,X_8146_3,defaultSecondary,100.0,A
X_8146,X_8146_4,defaultSecondary,100.0,A
X_1144229,X_1144229_1,defaultSecondary,100.0,B
X_28281,X_28281_1,defaultSecondary,100.0,A
X_28281,X_28281_2,defaultSecondary,100.0,A
X_28281,X_28281_3,defaultSecondary,100.0,A
X_56770,X_56770_1,defaultSecondary,100.0,A
X_56770,X_56770_2,defaultSecondary,100.0,A
X_56770,X_56770_3,defaultSecondary,100.0,A
X_8102,X_8102_1,defaultSecondary,100.0,A
X_8102,X_8102_2,defaultSecondary,100.0,A
X_8102,X_8102_3,defaultSecondary,100.0,A
X_8102,X_8102_4,defaultSecondary,100.0,A
X_8145,X_8145_1,defaultSecondary,100.0,A
X_8145,X_8145_2,defaultSecondary,100.0,A
X_8145,X_8145_3,defaultSecondary,100.0,A
X_8145,X_8145_4,defaultSecondary,100.0,A
X_15010,X_15010_1,defaultSecondary,100.0,A
X_15010,X_15010_2,defaultSecondary,100.0,A
X_39622,X_39622_1,defaultSecondary,100.0,B
X_39622,X_39622_2,defaultSecondary,100.0,B
X_39622,X_39622_3,defaultSecondary,100.0,B
X_14893,X_14893_1,defaultSecondary,100.0,A
X_827,X_827_1,defaultSecondary,100.0,A
X_69647,X_69647_1,defaultSecondary,100.0,B
X_819,X_819_1,defaultSecondary,100.0,A
X_819,X_819_2,defaultSecondary,100.0,A
X_819,X_819_3,defaultSecondary,100.0,A
X_58437,X_58437_1,defaultSecondary,100.0,C
X_6580,X_6580_1,defaultSecondary,100.0,A
X_6580,X_6580_2,defaultSecondary,100.0,A
X_69461,X_69461_1,defaultSecondary,100.0,A
X_28273,X_28273_1,defaultSecondary,100.0,C
X_28273,X_28273_2,defaultSecondary,100.0,C
X_28273,X_28273_3,defaultSecondary,100.0,C
X_850,X_850_1,defaultSecondary,100.0,B
X_850,X_850_2,defaultSecondary,100.0,B
X_850,X_850_3,defaultSecondary,100.0,B
X_63666,X_63666_1,defaultSecondary,100.0,A
X_63666,X_63666_2,defaultSecondary,100.0,A
X_63666,X_63666_3,defaultSecondary,100.0,A
X_63666,X_63666_4,defaultSecondary,100.0,A
X_52514,X_52514_1,defaultSecondary,100.0,B
X_52514,X_52514_2,defaultSecondary,100.0,B
X_52514,X_52514_3,defaultSecondary,100.0,B
X_52514,X_52514_4,defaultSecondary,100.0,B
X_56782,X_56782_1,defaultSecondary,100.0,A
X_56782,X_56782_2,defaultSecondary,100.0,A
X_62234,X_62234_1,defaultSecondary,100.0,C
X_62234,X_62234_2,defaultSecondary,100.0,C
X_62234,X_62234_3,defaultSecondary,100.0,C
X_63763,X_63763_1,defaultSecondary,100.0,A
X_8186,X_8186_1,defaultSecondary,100.0,A
X_8186,X_8186_2,defaultSecondary,100.0,A
X_52521,X_52521_1,defaultSecondary,100.0,B
X_52521,X_52521_2,defaultSecondary,100.0,B
X_52521,X_52521_3,defaultSecondary,100.0,B
X_52521,X_52521_4,defaultSecondary,100.0,B
X_52521,X_52521_5,defaultSecondary,100.0,B
X_28229,X_28229_1,defaultSecondary,100.0,C
X_28229,X_28229_2,defaultSecondary,100.0,C
X_28229,X_28229_3,defaultSecondary,100.0,C
X_28275,X_28275_1,defaultSecondary,100.0,C
X_28275,X_28275_2,defaultSecondary,100.0,C
X_28275,X_28275_3,defaultSecondary,100.0,C
X_69616,X_69616_1,defaultSecondary,100.0,A
X_39597,X_39597_1,defaultSecondary,100.0,A
X_39597,X_39597_2,defaultSecondary,100.0,A
X_39597,X_39597_3,defaultSecondary,100.0,A
X_56764,X_56764_1,defaultSecondary,100.0,A
X_56764,X_56764_2,defaultSecondary,100.0,A
X_56764,X_56764_3,defaultSecondary,100.0,A
X_56764,X_56764_4,defaultSecondary,100.0,A
X_56785,X_56785_1,defaultSecondary,100.0,A
X_56785,X_56785_2,defaultSecondary,100.0,A
X_28191,X_28191_1,defaultSecondary,100.0,A
X_28191,X_28191_1,defaultSecondary,100.0,B
X_56778,X_56778_1,defaultSecondary,100.0,A
X_63670,X_63670_1,defaultSecondary,100.0,C
X_63670,X_63670_2,defaultSecondary,100.0,C
X_14865,X_14865_1,defaultSecondary,100.0,C
X_14865,X_14865_2,defaultSecondary,100.0,C
X_44581,X_44581_1,defaultSecondary,100.0,C
X_44581,X_44581_2,defaultSecondary,100.0,C
X_44581,X_44581_3,defaultSecondary,100.0,C
X_63645,X_63645_1,defaultSecondary,100.0,B
X_63645,X_63645_2,defaultSecondary,100.0,B
X_33824,X_33824_1,defaultSecondary,100.0,C
X_33824,X_33824_2,defaultSecondary,100.0,C
X_69487,X_69487_1,defaultSecondary,100.0,A
X_69487,X_69487_2,defaultSecondary,100.0,A
X_69487,X_69487_3,defaultSecondary,100.0,A
X_69487,X_69487_4,defaultSecondary,100.0,A
X_69487,X_69487_5,defaultSecondary,100.0,A
X_8120,X_8120_1,defaultSecondary,100.0,A
X_8120,X_8120_2,defaultSecondary,100.0,A
X_8120,X_8120_3,defaultSecondary,100.0,A
X_830,X_830_1,defaultSecondary,100.0,C
X_830,X_830_2,defaultSecondary,100.0,C
X_830,X_830_3,defaultSecondary,100.0,C
X_14850,X_14850_1,defaultSecondary,100.0,C
X_8124,X_8124_1,defaultSecondary,100.0,C
X_8108,X_8108_1,defaultSecondary,100.0,C
X_8108,X_8108_2,defaultSecondary,100.0,C
X_8108,X_8108_3,defaultSecondary,100.0,C
X_8108,X_8108_4,defaultSecondary,100.0,C
X_808,X_808_1,defaultSecondary,100.0,A
X_8164,X_8164_1,defaultSecondary,100.0,C
X_8164,X_8164_2,defaultSecondary,100.0,C
X_8164,X_8164_3,defaultSecondary,100.0,C
X_8164,X_8164_4,defaultSecondary,100.0,C
X_39603,X_39603_1,defaultSecondary,100.0,B
X_39603,X_39603_2,defaultSecondary,100.0,B
X_39603,X_39603_3,defaultSecondary,100.0,B
X_63679,X_63679_1,defaultSecondary,100.0,A
X_63679,X_63679_2,defaultSecondary,100.0,A
X_812,X_812_1,defaultSecondary,100.0,B
X_812,X_812_2,defaultSecondary,100.0,B
X_812,X_812_3,defaultSecondary,100.0,B
X_812,X_812_4,defaultSecondary,100.0,B
X_88660,X_88660_1,defaultSecondary,100.0,B
X_88660,X_88660_2,defaultSecondary,100.0,B
X_88660,X_88660_3,defaultSecondary,100.0,B
X_88660,X_88660_4,defaultSecondary,100.0,B
X_88660,X_88660_5,defaultSecondary,100.0,B
X_14979,X_14979_1,defaultSecondary,100.0,C
X_14979,X_14979_2,defaultSecondary,100.0,C
X_6597,X_6597_1,defaultSecondary,100.0,A
X_6597,X_6597_2,defaultSecondary,100.0,A
X_6597,X_6597_3,defaultSecondary,100.0,A
X_63709,X_63709_1,defaultSecondary,100.0,A
X_63709,X_63709_2,defaultSecondary,100.0,A
X_39587,X_39587_1,defaultSecondary,100.0,B
X_39587,X_39587_2,defaultSecondary,100.0,B
X_39587,X_39587_3,defaultSecondary,100.0,B
X_52530,X_52530_1,defaultSecondary,100.0,C
X_52530,X_52530_2,defaultSecondary,100.0,C
X_14833,X_14833_1,defaultSecondary,100.0,C
X_14833,X_14833_2,defaultSecondary,100.0,C
X_14833,X_14833_3,defaultSecondary,100.0,C
X_14833,X_14833_4,defaultSecondary,100.0,C
X_820,X_820_1,defaultSecondary,100.0,A
X_820,X_820_2,defaultSecondary,100.0,A
X_74453,X_74453_1,defaultSecondary,100.0,C
X_74453,X_74453_2,defaultSecondary,100.0,C
X_74453,X_74453_3,defaultSecondary,100.0,C
X_74453,X_74453_4,defaultSecondary,100.0,C
X_14853,X_14853_1,defaultSecondary,100.0,B
X_14853,X_14853_2,defaultSecondary,100.0,B
X_14853,X_14853_3,defaultSecondary,100.0,B
X_28225,X_28225_1,defaultSecondary,100.0,A
X_28225,X_28225_2,defaultSecondary,100.0,A
X_28225,X_28225_3,defaultSecondary,100.0,A
X_28225,X_28225_4,defaultSecondary,100.0,A
X_39577,X_39577_1,defaultSecondary,100.0,A
X_39577,X_39577_2,defaultSecondary,100.0,A
X_8098,X_8098_1,defaultSecondary,100.0,C
X_8098,X_8098_2,defaultSecondary,100.0,C
X_8098,X_8098_3,defaultSecondary,100.0,C
X_835,X_835_1,defaultSecondary,100.0,A
X_835,X_835_2,defaultSecondary,100.0,A
X_58435,X_58435_1,defaultSecondary,100.0,C
X_8187,X_8187_1,defaultSecondary,100.0,A
X_8187,X_8187_2,defaultSecondary,100.0,A
X_8131,X_8131_1,defaultSecondary,100.0,A
X_8131,X_8131_2,defaultSecondary,100.0,A
X_8131,X_8131_3,defaultSecondary,100.0,A
X_14996,X_14996_1,defaultSecondary,100.0,B
X_14996,X_14996_2,defaultSecondary,100.0,B
X_14996,X_14996_3,defaultSecondary,100.0,B
X_94728,X_94728_1,defaultSecondary,100.0,B
X_94728,X_94728_2,defaultSecondary,100.0,B
X_94728,X_94728_3,defaultSecondary,100.0,B
X_94728,X_94728_4,defaultSecondary,100.0,B
X_94728,X_94728_5,defaultSecondary,100.0,B
X_62309,X_62309_1,defaultSecondary,100.0,C
X_8161,X_8161_1,defaultSecondary,100.0,B
X_8161,X_8161_2,defaultSecondary,100.0,B
X_28263,X_28263_1,defaultSecondary,100.0,C
X_58426,X_58426_1,defaultSecondary,100.0,C
X_58426,X_58426_2,defaultSecondary,100.0,C
X_58426,X_58426_3,defaultSecondary,100.0,C
X_822,X_822_1,defaultSecondary,100.0,B
X_822,X_822_2,defaultSecondary,100.0,B
X_1017348,X_1017348_1,defaultSecondary,100.0,B
X_1017348,X_1017348_2,defaultSecondary,100.0,B
X_8175,X_8175_1,defaultSecondary,100.0,C
X_39615,X_39615_1,defaultSecondary,100.0,B
X_39615,X_39615_2,defaultSecondary,100.0,B
X_39615,X_39615_3,defaultSecondary,100.0,B
X_39615,X_39615_4,defaultSecondary,100.0,B
X_89812,X_89812_1,defaultSecondary,100.0,C
X_89812,X_89812_2,defaultSecondary,100.0,C
X_89825,X_89825_1,defaultSecondary,100.0,A
X_39602,X_39602_1,defaultSecondary,100.0,B
X_39602,X_39602_2,defaultSecondary,100.0,B
X_39602,X_39602_3,defaultSecondary,100.0,B
X_38389,X_38389_1,defaultSecondary,100.0,B
X_38389,X_38389_2,defaultSecondary,100.0,B
X_56772,X_56772_1,defaultSecondary,100.0,A
X_56772,X_56772_2,defaultSecondary,100.0,A
X_56772,X_56772_3,defaultSecondary,100.0,A
X_1012409,X_1012409_1,defaultSecondary,100.0,C
X_8122,X_8122_1,defaultSecondary,100.0,A
X_8122,X_8122_2,defaultSecondary,100.0,A
X_1011952,X_1011952_1,defaultSecondary,100.0,A
X_1011952,X_1011952_1,defaultSecondary,100.0,B
X_1011952,X_1011952_1,defaultSecondary,100.0,C
X_39775,X_39775_1,defaultSecondary,100.0,B
X_39775,X_39775_2,defaultSecondary,100.0,B
X_39775,X_39775_3,defaultSecondary,100.0,B
X_39775,X_39775_4,defaultSecondary,100.0,B
X_62246,X_62246_1,defaultSecondary,100.0,C
X_62246,X_62246_2,defaultSecondary,100.0,C
X_859,X_859_1,defaultSecondary,100.0,C
X_39569,X_39569_1,defaultSecondary,100.0,A
X_39569,X_39569_2,defaultSecondary,100.0,A
X_69626,X_69626_1,defaultSecondary,100.0,C
X_69626,X_69626_2,defaultSecondary,100.0,C
X_56783,X_56783_1,defaultSecondary,100.0,A
X_56783,X_56783_2,defaultSecondary,100.0,A
X_56783,X_56783_3,defaultSecondary,100.0,A
X_56783,X_56783_4,defaultSecondary,100.0,A
X_8110,X_8110_1,defaultSecondary,100.0,C
X_8110,X_8110_2,defaultSecondary,100.0,C
X_8110,X_8110_3,defaultSecondary,100.0,C
X_15006,X_15006_1,defaultSecondary,100.0,B
X_15006,X_15006_2,defaultSecondary,100.0,B
X_15006,X_15006_3,defaultSecondary,100.0,B
X_8177,X_8177_1,defaultSecondary,100.0,A
X_14881,X_14881_1,defaultSecondary,100.0,A
X_14881,X_14881_2,defaultSecondary,100.0,A
X_63639,X_63639_1,defaultSecondary,100.0,B
X_15005,X_15005_1,defaultSecondary,100.0,B
X_15005,X_15005_2,defaultSecondary,100.0,B
X_15005,X_15005_3,defaultSecondary,100.0,B
X_15005,X_15005_4,defaultSecondary,100.0,B
X_39744,X_39744_1,defaultSecondary,100.0,C
X_39744,X_39744_2,defaultSecondary,100.0,C
X_56787,X_56787_1,defaultSecondary,100.0,A
X_56787,X_56787_2,defaultSecondary,100.0,A
X_56787,X_56787_3,defaultSecondary,100.0,A
X_56787,X_56787_4,defaultSecondary,100.0,A
X_28250,X_28250_1,defaultSecondary,100.0,A
X_28250,X_28250_2,defaultSecondary,100.0,A
X_14847,X_14847_1,defaultSecondary,100.0,C
X_828,X_828_1,defaultSecondary,100.0,A
X_828,X_828_2,defaultSecondary,100.0,A
X_828,X_828_3,defaultSecondary,100.0,A
X_56762,X_56762_1,defaultSecondary,100.0,C
X_44583,X_44583_1,defaultSecondary,100.0,C
X_44583,X_44583_2,defaultSecondary,100.0,C
X_8106,X_8106_1,defaultSecondary,100.0,A
X_8106,X_8106_2,defaultSecondary,100.0,A
X_8106,X_8106_3,defaultSecondary,100.0,A
X_74428,X_74428_1,defaultSecondary,100.0,B
X_39576,X_39576_1,defaultSecondary,100.0,B
X_39621,X_39621_1,defaultSecondary,100.0,B
X_39621,X_39621_2,defaultSecondary,100.0,B
X_14894,X_14894_1,defaultSecondary,100.0,A
X_14894,X_14894_2,defaultSecondary,100.0,A
X_14894,X_14894_3,defaultSecondary,100.0,A
X_44584,X_44584_1,defaultSecondary,100.0,C
X_44584,X_44584_2,defaultSecondary,100.0,C
X_44584,X_44584_3,defaultSecondary,100.0,C
X_852,X_852_1,defaultSecondary,100.0,A
X_852,X_852_2,defaultSecondary,100.0,A
X_852,X_852_3,defaultSecondary,100.0,A
X_852,X_852_4,defaultSecondary,100.0,A
X_62258,X_62258_1,defaultSecondary,100.0,C
X_62258,X_62258_2,defaultSecondary,100.0,C
X_62258,X_62258_3,defaultSecondary,100.0,C
X_88665,X_88665_1,defaultSecondary,100.0,B
X_88665,X_88665_2,defaultSecondary,100.0,B
X_88665,X_88665_3,defaultSecondary,100.0,B
X_39755,X_39755_1,defaultSecondary,100.0,B
X_39755,X_39755_2,defaultSecondary,100.0,B
X_39755,X_39755_3,defaultSecondary,100.0,B
X_840,X_840_1,defaultSecondary,100.0,B
X_840,X_840_2,defaultSecondary,100.0,B
X_840,X_840_3,defaultSecondary,100.0,B
X_840,X_840_4,defaultSecondary,100.0,B
X_39613,X_39613_1,defaultSecondary,100.0,A
X_63682,X_63682_1,defaultSecondary,100.0,A
X_795,X_795_1,defaultSecondary,100.0,A
X_795,X_795_2,defaultSecondary,100.0,A
X_8139,X_8139_1,defaultSecondary,100.0,A
X_52522,X_52522_1,defaultSecondary,100.0,B
X_52522,X_52522_2,defaultSecondary,100.0,B
X_28228,X_28228_1,defaultSecondary,100.0,C
X_28228,X_28228_2,defaultSecondary,100.0,C
X_6573,X_6573_1,defaultSecondary,100.0,B
X_844,X_844_1,defaultSecondary,100.0,A
X_844,X_844_2,defaultSecondary,100.0,A
X_6568,X_6568_1,defaultSecondary,100.0,B
X_6568,X_6568_2,defaultSecondary,100.0,B
X_6568,X_6568_3,defaultSecondary,100.0,B
X_6568,X_6568_4,defaultSecondary,100.0,B
X_6568,X_6568_5,defaultSecondary,100.0,B
X_8137,X_8137_1,defaultSecondary,100.0,A
X_8137,X_8137_2,defaultSecondary,100.0,A
X_63671,X_63671_1,defaultSecondary,100.0,C
X_63671,X_63671_2,defaultSecondary,100.0,C
X_63671,X_63671_3,defaultSecondary,100.0,C
X_14852,X_14852_1,defaultSecondary,100.0,B
X_14866,X_14866_1,defaultSecondary,100.0,C
X_14866,X_14866_2,defaultSecondary,100.0,C
X_14866,X_14866_3,defaultSecondary,100.0,C
X_28213,X_28213_1,defaultSecondary,100.0,A
X_28213,X_28213_2,defaultSecondary,100.0,A
X_1144255,X_1144255_1,defaultSecondary,100.0,A
X_8088,X_8088_1,defaultSecondary,100.0,A
X_8088,X_8088_2,defaultSecondary,100.0,A
X_8088,X_8088_3,defaultSecondary,100.0,A
X_8088,X_8088_4,defaultSecondary,100.0,A
X_8088,X_8088_5,defaultSecondary,100.0,A
X_8088,X_8088_6,defaultSecondary,100.0,A
X_15011,X_15011_1,defaultSecondary,100.0,A
X_15011,X_15011_2,defaultSecondary,100.0,A
X_851,X_851_1,defaultSecondary,100.0,A
X_851,X_851_2,defaultSecondary,100.0,A
X_102186,X_102186_1,defaultSecondary,100.0,C
X_102186,X_102186_2,defaultSecondary,100.0,C
X_102186,X_102186_3,defaultSecondary,100.0,C
X_8107,X_8107_1,defaultSecondary,100.0,A
X_8107,X_8107_2,defaultSecondary,100.0,A
X_8107,X_8107_3,defaultSecondary,100.0,A
X_8107,X_8107_4,defaultSecondary,100.0,A
X_831,X_831_1,defaultSecondary,100.0,C
X_831,X_831_2,defaultSecondary,100.0,C
X_831,X_831_3,defaultSecondary,100.0,C
X_52525,X_52525_1,defaultSecondary,100.0,C
X_28220,X_28220_1,defaultSecondary,100.0,A
X_28220,X_28220_2,defaultSecondary,100.0,A
X_28220,X_28220_3,defaultSecondary,100.0,A
X_8167,X_8167_1,defaultSecondary,100.0,B
X_8167,X_8167_2,defaultSecondary,100.0,B
X_8167,X_8167_3,defaultSecondary,100.0,B
X_8167,X_8167_4,defaultSecondary,100.0,B
X_8167,X_8167_5,defaultSecondary,100.0,B
X_15002,X_15002_1,defaultSecondary,100.0,B
X_1017349,X_1017349_1,defaultSecondary,100.0,B
X_28284,X_28284_1,defaultSecondary,100.0,C
X_28284,X_28284_2,defaultSecondary,100.0,C
X_56760,X_56760_1,defaultSecondary,100.0,A
X_56760,X_56760_2,defaultSecondary,100.0,A
X_56760,X_56760_3,defaultSecondary,100.0,A
X_56760,X_56760_4,defaultSecondary,100.0,A
X_39629,X_39629_1,defaultSecondary,100.0,C
X_39629,X_39629_2,defaultSecondary,100.0,C
X_39629,X_39629_3,defaultSecondary,100.0,C
X_39629,X_39629_4,defaultSecondary,100.0,C
X_52523,X_52523_1,defaultSecondary,100.0,C
X_8182,X_8182_1,defaultSecondary,100.0,A
X_14836,X_14836_1,defaultSecondary,100.0,A
X_14836,X_14836_2,defaultSecondary,100.0,A
X_14836,X_14836_3,defaultSecondary,100.0,A
X_14836,X_14836_4,defaultSecondary,100.0,A
X_14836,X_14836_1,defaultSecondary,100.0,C
X_6595,X_6595_1,defaultSecondary,100.0,A
X_6595,X_6595_2,defaultSecondary,100.0,A
X_74454,X_74454_1,defaultSecondary,100.0,C
X_63710,X_63710_1,defaultSecondary,100.0,A
X_63710,X_63710_2,defaultSecondary,100.0,A
X_63710,X_63710_3,defaultSecondary,100.0,A
X_63710,X_63710_4,defaultSecondary,100.0,A
X_39586,X_39586_1,defaultSecondary,100.0,B
X_39586,X_39586_2,defaultSecondary,100.0,B
X_39586,X_39586_3,defaultSecondary,100.0,B
X_52527,X_52527_1,defaultSecondary,100.0,C
X_838,X_838_1,defaultSecondary,100.0,A
X_838,X_838_2,defaultSecondary,100.0,A
X_838,X_838_3,defaultSecondary,100.0,A
X_28269,X_28269_1,defaultSecondary,100.0,C
X_28269,X_28269_2,defaultSecondary,100.0,C
X_28269,X_28269_3,defaultSecondary,100.0,C
X_69653,X_69653_1,defaultSecondary,100.0,C
X_69653,X_69653_2,defaultSecondary,100.0,C
X_69653,X_69653_3,defaultSecondary,100.0,C
X_69653,X_69653_4,defaultSecondary,100.0,C
X_69653,X_69653_5,defaultSecondary,100.0,C
X_69653,X_69653_6,defaultSecondary,100.0,C
X_105409,X_105409_1,defaultSecondary,100.0,C
X_105409,X_105409_2,defaultSecondary,100.0,C
X_63632,X_63632_1,defaultSecondary,100.0,B
X_63632,X_63632_2,defaultSecondary,100.0,B
X_8105,X_8105_1,defaultSecondary,100.0,A
X_8105,X_8105_2,defaultSecondary,100.0,A
X_8105,X_8105_3,defaultSecondary,100.0,A
X_74438,X_74438_1,defaultSecondary,100.0,A
X_14870,X_14870_1,defaultSecondary,100.0,A
X_14870,X_14870_2,defaultSecondary,100.0,A
X_14870,X_14870_3,defaultSecondary,100.0,A
X_14870,X_14870_4,defaultSecondary,100.0,A
X_14854,X_14854_1,defaultSecondary,100.0,B
X_14854,X_14854_2,defaultSecondary,100.0,B
X_39565,X_39565_1,defaultSecondary,100.0,A
X_39565,X_39565_2,defaultSecondary,100.0,A
X_39565,X_39565_3,defaultSecondary,100.0,A
X_1144247,X_1144247_1,defaultSecondary,100.0,B
X_800,X_800_1,defaultSecondary,100.0,A
X_800,X_800_2,defaultSecondary,100.0,A
X_28226,X_28226_1,defaultSecondary,100.0,C
X_28226,X_28226_2,defaultSecondary,100.0,C
X_62298,X_62298_1,defaultSecondary,100.0,B
X_62298,X_62298_2,defaultSecondary,100.0,B
X_62298,X_62298_3,defaultSecondary,100.0,B
X_39742,X_39742_1,defaultSecondary,100.0,C
X_58415,X_58415_1,defaultSecondary,100.0,C
X_39771,X_39771_1,defaultSecondary,100.0,B
X_94740,X_94740_1,defaultSecondary,100.0,B
X_94740,X_94740_2,defaultSecondary,100.0,B
X_94740,X_94740_3,defaultSecondary,100.0,B
X_94740,X_94740_4,defaultSecondary,100.0,B
X_62310,X_62310_1,defaultSecondary,100.0,C
X_62310,X_62310_2,defaultSecondary,100.0,C
X_62310,X_62310_3,defaultSecondary,100.0,C
X_14848,X_14848_1,defaultSecondary,100.0,C
X_62243,X_62243_1,defaultSecondary,100.0,C
X_62243,X_62243_2,defaultSecondary,100.0,C
X_62243,X_62243_3,defaultSecondary,100.0,C
X_62243,X_62243_4,defaultSecondary,100.0,C
X_39749,X_39749_1,defaultSecondary,100.0,C
X_62302,X_62302_1,defaultSecondary,100.0,B
X_62302,X_62302_2,defaultSecondary,100.0,B
X_62302,X_62302_3,defaultSecondary,100.0,B
X_62302,X_62302_4,defaultSecondary,100.0,B
X_39616,X_39616_1,defaultSecondary,100.0,B
X_39616,X_39616_2,defaultSecondary,100.0,B
X_39616,X_39616_3,defaultSecondary,100.0,B
X_802,X_802_1,defaultSecondary,100.0,B
X_802,X_802_2,defaultSecondary,100.0,B
X_802,X_802_3,defaultSecondary,100.0,B
X_786,X_786_1,defaultSecondary,100.0,B
X_786,X_786_2,defaultSecondary,100.0,B
X_39766,X_39766_1,defaultSecondary,100.0,C
X_8168,X_8168_1,defaultSecondary,100.0,B
X_8168,X_8168_2,defaultSecondary,100.0,B
X_8156,X_8156_1,defaultSecondary,100.0,C
X_8156,X_8156_2,defaultSecondary,100.0,C
X_8156,X_8156_3,defaultSecondary,100.0,C
X_58425,X_58425_1,defaultSecondary,100.0,A
X_39760,X_39760_1,defaultSecondary,100.0,B
X_39760,X_39760_2,defaultSecondary,100.0,B
X_39760,X_39760_3,defaultSecondary,100.0,B
X_14875,X_14875_1,defaultSecondary,100.0,A
X_62248,X_62248_1,defaultSecondary,100.0,C
X_62248,X_62248_2,defaultSecondary,100.0,C
X_63641,X_63641_1,defaultSecondary,100.0,B
X_63641,X_63641_2,defaultSecondary,100.0,B
X_814,X_814_1,defaultSecondary,100.0,A
X_814,X_814_2,defaultSecondary,100.0,A
X_814,X_814_3,defaultSecondary,100.0,A
X_15004,X_15004_1,defaultSecondary,100.0,B
X_15004,X_15004_2,defaultSecondary,100.0,B
X_15004,X_15004_3,defaultSecondary,100.0,B
X_1103251,X_1103251_1,defaultSecondary,100.0,C
X_58413,X_58413_1,defaultSecondary,100.0,A
X_39623,X_39623_1,defaultSecondary,100.0,B
X_39623,X_39623_2,defaultSecondary,100.0,B
X_39623,X_39623_3,defaultSecondary,100.0,B
X_14863,X_14863_1,defaultSecondary,100.0,A
X_94735,X_94735_1,defaultSecondary,100.0,B
X_94735,X_94735_2,defaultSecondary,100.0,B
X_63657,X_63657_1,defaultSecondary,100.0,B
X_89780,X_89780_1,defaultSecondary,100.0,C
X_39759,X_39759_1,defaultSecondary,100.0,B
X_39759,X_39759_2,defaultSecondary,100.0,B
X_39759,X_39759_3,defaultSecondary,100.0,B
X_806,X_806_1,defaultSecondary,100.0,B
X_806,X_806_2,defaultSecondary,100.0,B
X_806,X_806_3,defaultSecondary,100.0,B
X_806,X_806_4,defaultSecondary,100.0,B
X_94732,X_94732_1,defaultSecondary,100.0,C
X_94732,X_94732_2,defaultSecondary,100.0,C
X_28248,X_28248_1,defaultSecondary,100.0,A
X_28248,X_28248_2,defaultSecondary,100.0,A
X_28248,X_28248_3,defaultSecondary,100.0,A
X_28248,X_28248_4,defaultSecondary,100.0,A
X_14978,X_14978_1,defaultSecondary,100.0,C
X_14978,X_14978_2,defaultSecondary,100.0,C
X_14978,X_14978_3,defaultSecondary,100.0,C
X_44586,X_44586_1,defaultSecondary,100.0,B
X_8128,X_8128_1,defaultSecondary,100.0,A
X_52513,X_52513_1,defaultSecondary,100.0,B
X_52513,X_52513_2,defaultSecondary,100.0,B
X_52513,X_52513_3,defaultSecondary,100.0,B
X_52513,X_52513_4,defaultSecondary,100.0,B
X_21650,X_21650_1,defaultSecondary,100.0,A
X_21650,X_21650_2,defaultSecondary,100.0,A
X_21650,X_21650_3,defaultSecondary,100.0,A
X_39745,X_39745_1,defaultSecondary,100.0,C
X_39745,X_39745_2,defaultSecondary,100.0,C
X_39745,X_39745_3,defaultSecondary,100.0,C
X_28241,X_28241_1,defaultSecondary,100.0,A
X_28241,X_28241_2,defaultSecondary,100.0,A
X_28241,X_28241_3,defaultSecondary,100.0,A
X_39575,X_39575_1,defaultSecondary,100.0,A
X_39575,X_39575_2,defaultSecondary,100.0,A
X_6583,X_6583_1,defaultSecondary,100.0,A
X_6583,X_6583_2,defaultSecondary,100.0,A
X_1144236,X_1144236_1,defaultSecondary,100.0,B
X_1144236,X_1144236_2,defaultSecondary,100.0,B
X_789,X_789_1,defaultSecondary,100.0,B
X_789,X_789_2,defaultSecondary,100.0,B
X_789,X_789_3,defaultSecondary,100.0,B
X_836,X_836_1,defaultSecondary,100.0,B
X_836,X_836_2,defaultSecondary,100.0,B
X_836,X_836_3,defaultSecondary,100.0,B
X_28240,X_28240_1,defaultSecondary,100.0,C
X_28240,X_28240_2,defaultSecondary,100.0,C
X_28240,X_28240_3,defaultSecondary,100.0,C
X_14837,X_14837_1,defaultSecondary,100.0,C
X_14837,X_14837_2,defaultSecondary,100.0,C
X_1012414,X_1012414_1,defaultSecondary,100.0,C
X_1012414,X_1012414_2,defaultSecondary,100.0,C
X_14844,X_14844_1,defaultSecondary,100.0,C
X_74434,X_74434_1,defaultSecondary,100.0,A
X_6578,X_6578_1,defaultSecondary,100.0,A
X_6578,X_6578_2,defaultSecondary,100.0,A
X_6578,X_6578_3,defaultSecondary,100.0,A
X_62249,X_62249_1,defaultSecondary,100.0,B
X_39590,X_39590_1,defaultSecondary,100.0,A
X_39590,X_39590_2,defaultSecondary,100.0,A
X_28233,X_28233_1,defaultSecondary,100.0,C
X_28233,X_28233_2,defaultSecondary,100.0,C
X_28233,X_28233_3,defaultSecondary,100.0,C
X_28292,X_28292_1,defaultSecondary,100.0,B
X_28292,X_28292_2,defaultSecondary,100.0,B
X_28272,X_28272_1,defaultSecondary,100.0,C
X_28272,X_28272_2,defaultSecondary,100.0,C
X_1144263,X_1144263_1,defaultSecondary,100.0,A
X_1144263,X_1144263_2,defaultSecondary,100.0,A
X_1144263,X_1144263_3,defaultSecondary,100.0,A
X_1144263,X_1144263_4,defaultSecondary,100.0,A
X_63663,X_63663_1,defaultSecondary,100.0,A
X_56755,X_56755_1,defaultSecondary,100.0,A
X_56755,X_56755_2,defaultSecondary,100.0,A
X_56755,X_56755_3,defaultSecondary,100.0,A
X_56755,X_56755_4,defaultSecondary,100.0,A
X_74450,X_74450_1,defaultSecondary,100.0,C
X_74450,X_74450_2,defaultSecondary,100.0,C
X_74450,X_74450_3,defaultSecondary,100.0,C
X_69488,X_69488_1,defaultSecondary,100.0,B
X_69488,X_69488_2,defaultSecondary,100.0,B
X_69488,X_69488_3,defaultSecondary,100.0,B
X_63672,X_63672_1,defaultSecondary,100.0,C
X_63672,X_63672_2,defaultSecondary,100.0,C
X_63672,X_63672_3,defaultSecondary,100.0,C
X_14882,X_14882_1,defaultSecondary,100.0,C
X_842,X_842_1,defaultSecondary,100.0,A
X_804,X_804_1,defaultSecondary,100.0,B
X_804,X_804_2,defaultSecondary,100.0,B
X_804,X_804_3,defaultSecondary,100.0,B
X_1144252,X_1144252_1,defaultSecondary,100.0,B
X_1144252,X_1144252_2,defaultSecondary,100.0,B
X_14838,X_14838_1,defaultSecondary,100.0,C
X_39630,X_39630_1,defaultSecondary,100.0,C
X_39630,X_39630_2,defaultSecondary,100.0,C
X_39630,X_39630_3,defaultSecondary,100.0,C
X_1144264,X_1144264_1,defaultSecondary,100.0,A
X_1144264,X_1144264_2,defaultSecondary,100.0,A
X_1144264,X_1144264_3,defaultSecondary,100.0,A
X_1144264,X_1144264_4,defaultSecondary,100.0,A
X_8184,X_8184_1,defaultSecondary,100.0,A
X_94747,X_94747_1,defaultSecondary,100.0,A
X_14845,X_14845_1,defaultSecondary,100.0,A
X_14845,X_14845_2,defaultSecondary,100.0,A
X_69617,X_69617_1,defaultSecondary,100.0,A
X_69617,X_69617_2,defaultSecondary,100.0,A
X_69617,X_69617_3,defaultSecondary,100.0,A
X_46407,X_46407_1,defaultSecondary,100.0,C
X_46407,X_46407_2,defaultSecondary,100.0,C
X_46407,X_46407_3,defaultSecondary,100.0,C
X_69484,X_69484_1,defaultSecondary,100.0,B
X_69484,X_69484_2,defaultSecondary,100.0,B
X_69484,X_69484_3,defaultSecondary,100.0,B
X_8109,X_8109_1,defaultSecondary,100.0,A
X_8109,X_8109_2,defaultSecondary,100.0,A
X_8109,X_8109_3,defaultSecondary,100.0,A
X_39628,X_39628_1,defaultSecondary,100.0,C
X_39628,X_39628_2,defaultSecondary,100.0,C
X_39628,X_39628_3,defaultSecondary,100.0,C
X_1012412,X_1012412_1,defaultSecondary,100.0,C
X_1012412,X_1012412_2,defaultSecondary,100.0,C
X_8196,X_8196_1,defaultSecondary,100.0,B
X_63642,X_63642_1,defaultSecondary,100.0,A
X_28265,X_28265_1,defaultSecondary,100.0,C
X_28265,X_28265_2,defaultSecondary,100.0,C
X_63711,X_63711_1,defaultSecondary,100.0,B
X_63711,X_63711_2,defaultSecondary,100.0,B
X_14997,X_14997_1,defaultSecondary,100.0,B
X_14997,X_14997_2,defaultSecondary,100.0,B
X_39585,X_39585_1,defaultSecondary,100.0,B
X_39585,X_39585_2,defaultSecondary,100.0,B
X_39585,X_39585_3,defaultSecondary,100.0,B
X_39585,X_39585_4,defaultSecondary,100.0,B
X_52528,X_52528_1,defaultSecondary,100.0,C
X_52528,X_52528_2,defaultSecondary,100.0,C
X_8083,X_8083_1,defaultSecondary,100.0,A
X_8083,X_8083_2,defaultSecondary,100.0,A
X_8083,X_8083_3,defaultSecondary,100.0,A
X_8083,X_8083_4,defaultSecondary,100.0,A
